{
  "60-70": {
    "count": 1,
    "avg_confidence": 65.9,
    "expected_win_rate": 67.17282779404921,
    "simulated_win_rate": 0.0,
    "raid_count": 0,
    "sniper_count": 1,
    "raid_win_rate": 0,
    "sniper_win_rate": 100.0
  },
  "70-80": {
    "count": 269,
    "avg_confidence": 77.12490706319703,
    "expected_win_rate": 76.886434602153,
    "simulated_win_rate": 79.182156133829,
    "raid_count": 135,
    "sniper_count": 134,
    "raid_win_rate": 78.51851851851852,
    "sniper_win_rate": 74.6268656716418
  },
  "80-90": {
    "count": 47,
    "avg_confidence": 81.18936170212766,
    "expected_win_rate": 77.57678456457735,
    "simulated_win_rate": 85.1063829787234,
    "raid_count": 21,
    "sniper_count": 26,
    "raid_win_rate": 85.71428571428571,
    "sniper_win_rate": 69.23076923076923
  }
}